BTC,ETH,HBAR,Portfolio
-0.02919892740892782,-0.04066382978723393,-0.0535947712418301,-0.0368710198162703
-0.02470939346655454,-0.03192633203811157,-0.11884731290808637,-0.041356009882829274
0.02254369045531579,0.036193953256502764,0.0358389739935876,0.029315574966472
0.0008488285023464659,0.010446367296113479,-0.03659375429907841,-0.0014084203400488108
-0.02053580630414431,-0.026670401036287483,-0.00492646008853348,-0.020341512528052795
0.05182302123379445,0.05742814288334874,0.08000287005811857,0.058011791134787064
-0.07940737649750307,-0.06544255960378653,-0.10337496678182301,-0.07811482912735027
-0.014088547276463248,-0.01977841190344476,-0.009928867812685316,-0.015456047976340087
-0.01542954011774833,-0.021239463814934356,-0.02499625804520267,-0.01889802110088159
-0.040547651018823294,-0.04295686482795247,-0.020110531163647583,-0.03832530787374215
-0.11589837033989214,-0.115199372093853,-0.1699044336518878,-0.12375463045057779
0.030515590718702246,0.04930871033932771,0.05888458997829593,0.04134853247486021
-0.0645152237244101,-0.11372175635748805,-0.1968630246858568,-0.10158968029020438
-0.003579655172413876,-0.0603727773308218,-0.03273413226808708,-0.02783041949220763
0.011856926466776496,0.029224025224948047,0.10783526442583469,0.03233216172599526
0.02719501922273837,0.02330319559640337,0.03717510614062336,0.02732989399120387
0.04198813609660523,0.04325708416292251,0.07288338658146976,0.04706655549254596
-0.046735216422543746,-0.05704380124026531,-0.026707612134747816,-0.04733908046557691
0.01987466668007487,0.03390669226658227,0.044937374509991246,0.028545281809839916
-0.0573238903335902,-0.08526055825707402,-0.09415317046390337,-0.0726261161263565
0.05610178911247288,0.05579158861878786,0.04131313131313119,0.05377492026978187
-0.03676519866241146,-0.030111257030998373,-0.02386264429139595,-0.03250093593576455
0.00837483334304423,0.008252047683039665,-0.0028818443804033977,0.006643356703525488
0.02867368771678791,0.03419756339826874,0.03687462627067961,0.03183718498838995
-0.03908519044985148,-0.033992904465090845,-0.04488658208381391,-0.03817309910027963
0.018925608353827394,0.0034392675070384904,-0.0025158498540807095,0.010289170326265062
-0.004117149784946372,-0.018517488739364985,-0.0157384987893463,-0.010900470769652875
-0.011083982968571826,-0.07732165851146011,-0.055965559655596464,-0.04099940591163642
-0.020339882109689733,-0.03822751175071737,-0.03973941368078171,-0.0295104822197132
0.014737588791401635,0.03951477160601313,0.011646313885119719,0.02294591154057337
0.015101951616672604,0.011647254575707144,0.008047390186654901,0.012834623437832038
0.07749956365152699,0.10205095372659834,0.08271426987470898,0.08687475611127926
0.0009939737583364305,-0.028140869617476527,-0.022529441884280632,-0.012731733769590664
-0.062191069038081026,-0.06364175104996006,-0.053431115767417436,-0.06138481475163915
0.0218139213224382,0.008601854654522567,0.022689540675152164,0.017321040891574824
-0.025225398673595967,-0.03207324792107735,-0.043831168831168776,-0.030413011433850373
0.006205722463454633,0.01651727831332095,0.0243350311262025,0.012534163310320024
0.0011881349965214838,0.0009871339840283877,0.03779005524861878,0.006608072679963495
0.048922044178155266,0.029961550820507776,0.031196763202725686,0.03962707935666421
-0.007508163161804582,-0.025184770798145295,-0.055240061951471464,-0.020854760652973862
-0.02989604644839816,-0.012045865889727558,-0.03245901639344262,-0.024032928744620118
-0.0031985471208438865,-0.001831982618506367,-0.019541398396023868,-0.005171677236302751
-0.03401139883871296,-0.07082864704861991,-0.055299539170506895,-0.05009065676194948
-0.02321364799560721,-0.07843786697178645,-0.042073170731707465,-0.045371053047684975
-0.06360620676877904,-0.06364765078742718,-0.11037555697008272,-0.07063611470550143
-0.15552583966206623,-0.15646590829785756,-0.0591013165426445,-0.14139118521667993
-0.015729320106563693,-0.0025812856788285377,0.026615969581749166,-0.00477571460360946
0.02072515646707984,0.026252923903847147,0.051851851851851594,0.027328879377664157
-0.0963140764885545,-0.13710466121901355,-0.09183098591549299,-0.10991831755825594
0.0028366943238640197,0.015754964406144767,0.056916873449131655,0.015470115721452425
-0.07259536121561405,-0.08127847144095468,-0.08848129126925897,-0.07801733930253
0.08419247974341659,0.13153932629381293,0.06809401159047024,0.09834910581311336
0.0001274764241596671,0.00015966930712396632,0.06767143933685005,0.010270338370100728
0.00763058343679357,-0.0026341229789536014,0.030914737436476436,0.0075305592912344906
-0.03614327532107753,-0.06777882511960454,-0.042311378885389495,-0.04814093328520878
0.05658976701690266,0.09124122405372415,0.04775521875893607,0.06739259474109519
0.005783794187950608,0.07058751540687247,0.020060043668122196,0.030606534036599
0.012791639288781465,0.013970540205108017,-0.010033444816053505,0.009780491993770513
-0.021320531675261156,-0.035334949228155166,-0.07405405405405407,-0.034135606175593
-0.015643865595051265,-0.006461037605910103,0.036193812025685945,-0.004654224155741277
-0.021178064244347317,-0.040068559329866194,-0.0729577464788731,-0.03555668985945779
-0.008299549782985749,-0.03856387634352132,-0.01807961106046785,-0.02035907327079551
-0.008375478644992995,-0.024880286947180585,-0.018876682655113886,-0.015727342152276783
-0.034400189913219026,-0.011987340472211727,-0.017505125374546515,-0.024021432928065592
-0.0005831761477838038,0.006869572612421937,0.01878009630818611,0.0049297767866836924
0.0034433710816117458,0.00721686249483855,-0.018118796281707872,0.0015297679717431842
0.04742656700420733,0.07111111111111112,0.023748395378690557,0.05216443169779614
-0.002023797683567974,-0.014988212983985338,-0.03228840125391841,-0.011101033574266617
0.0187826342195776,0.04739742480173814,0.01554907677356665,0.028312777306432144
0.05334530562186557,0.04353251658923618,0.03285486443381158,0.04683726328223719
-0.002745389390654829,-0.019415985262273505,-0.011735639283508292,-0.009928635429649384
0.00019505062513491822,0.002373085258031926,0.08828125000000009,0.014170292652878646
-0.033919683533016554,-0.04106897713914626,-0.06661880832735112,-0.041326805014312136
-0.04345831047828752,-0.060769975911463825,-0.06245193047223507,-0.05236643637899136
-0.031507726177473216,-0.05480814866196937,-0.02608695652173909,-0.03884975859868675
0.04716129586556472,0.07669058218020663,0.06300539083557943,0.059873160321191596
0.01704596846139972,0.0694702289665563,0.014263074484944571,0.03497702554173625
0.012545906324612277,0.03283101461671989,0.024531250000000115,0.021443495778158118
0.017283093812978878,0.10179276075412891,0.012658227848101333,0.04616774734764975
-0.01857187543199068,-0.013485729445316452,-0.010993975903614395,-0.015655039407398257
0.0785117669822637,0.18111736100217368,0.08085883965280938,0.11477578578981404
0.043235046605666794,-0.024134332606014608,0.03578472809242039,0.018538216104591342
-0.00839520752385603,-0.013506244369697717,-0.04270946681175192,-0.015331209313085003
-0.0019471289219954446,0.03563380744341882,0.0038363171355499937,0.012073715714531363
-0.020769025537767938,-0.025958043377590667,-0.009200283085633365,-0.020849870413885703
-0.009415728415069768,0.009143780080366204,-0.018857142857142906,-0.004336112607978148
0.005657650713059015,0.03190040722551002,0.06654047757716941,0.023975039522033427
-0.05705703845093402,-0.09905312269378475,-0.10580204778156987,-0.07906741933552713
-0.0021955679377619886,0.006441939245848793,-0.002595419847328251,0.0007675817900668455
0.08039876235784194,0.12950394526292563,0.07913669064748197,0.09739626561806725
0.038489636484589695,0.053712750366389894,0.03234042553191485,0.04289534470031854
-0.0028423966518411614,-0.001124272699877138,-0.017862050013739972,-0.004494001272938575
-0.005916677142320137,-0.015159954050196656,0.013710128707330682,-0.006207803182629297
-0.013620457627075755,-0.01023864647214423,0.03491581562241253,-0.00515638273542648
-0.0016983577682181394,-0.028813589586396016,0.021469529270569332,-0.007713505848762275
-0.012086112910236202,-0.00028191456762882705,-0.04386422976501303,-0.012721361018540146
-0.007201263220865339,-0.007472842745396169,-0.031540141998907645,-0.010947147871157475
-0.009661988064396887,-0.007529106574843292,0.02001973776963184,-0.00446322066794882
0.03144605142373025,0.0809591376971237,0.04768486523842452,0.051211453691622104
-0.01585285341930176,-0.02612049857508858,0.018205804749340304,-0.014337730498530836
0.010062896917271358,0.005551023303657088,-0.005053122570614188,0.006216338229323532
0.027344764145694977,0.0455387220233161,0.04310457090767028,0.036076620417158665
-0.027575720939917003,-0.04184027484916475,-0.0632958801498128,-0.03792633868963809
0.0345015147996226,0.08842619218084291,0.044648807143809144,0.05489724573467769
-0.0002086463027874963,0.01525853237720387,0.03342689461597348,0.010250197373023628
0.018698610125631232,0.04110462028677642,0.023950617283950537,0.02732851475577994
0.0020076207645347566,0.012191389512344442,-0.023390402700747548,0.0017622363064758
-0.005561007523716022,-0.023937912614020007,-0.026296296296296373,-0.015103217621209468
-0.008634868421052655,-0.01853572903758771,-0.025484975275770205,-0.014627685665047557
-0.010078805474906694,-0.011310431900678597,-0.002602133749674662,-0.009388373965142055
-0.02208069719696648,-0.02362456103011601,-0.03756848421601888,-0.024944217591426673
-0.005955441302485043,0.0065940054495912115,-0.039577121171048946,-0.006606386919542939
-0.1017197534589026,-0.1289047696388934,-0.09441151566469097,-0.11013827345276764
0.014634614461878082,-0.020385332504661235,0.04986753934860522,0.007662571756598391
0.01740281849995262,0.02620225859662484,0.027905595962594676,0.022058039153184206
-0.004787580180347639,0.0048840803709429,-0.0498194945848377,-0.00815728614806946
0.005090841156415005,0.02460932693490836,0.020820668693009026,0.014281785309376781
-0.006877323420074299,-0.004923742043953405,0.002530891767158039,-0.004782337660347136
0.009311248362343205,0.024016413227130107,0.032224532224532254,0.01789504864434698
-0.061239627277363096,-0.11090159104301711,-0.09897856423536178,-0.0842821551390418
-0.010123456790123497,-0.011466065747613996,0.006386715631486517,-0.00811684406200367
-0.024345223247692727,-0.044116661079450226,-0.009995240361732605,-0.029112729055913833
0.038093777164186715,0.08992074068878453,0.05705128205128207,0.05907684013086025
-0.023790759531080674,-0.01969238689748387,-0.03032140691328078,-0.02333592621665181
0.012109591805842923,0.02028490776603431,-0.01454033771106944,0.010973462964373055
0.00343985243531586,0.020203320036031203,0.0020625099159128357,0.009100464717655778
-0.008396263910969815,-0.0061806256306760066,-0.01899936668777691,-0.009211255929388045
-0.0059622225562402376,-0.011359309557050334,-0.018237572627501586,-0.009692505517212974
0.008417338709677313,0.014185762885936093,0.009370376458984087,0.0105792428337639
-0.010646273804168493,0.023734177215189778,0.010097719869706756,0.004498483103688188
-0.05077296150348587,-0.03715610510046363,-0.05756207674943559,-0.04702542904932054
0.025919420937782656,0.04680878387055332,0.03592814371257491,0.03473200638047123
0.002386387217264918,0.003005581794761847,0.009909165978530199,0.0037315221335786353
0.10604492288582956,0.051369863013698724,0.03499591169255911,0.0762513002515932
0.014084507042253502,0.032689623080502495,0.009638173487122703,0.01992934762237103
0.007521225544481425,-0.004843978821674089,-0.009389671361502372,0.0006567694804294258
0.025921685367529257,-0.028186551958342743,0.1612954186413904,0.027289862294553227
-0.09928128208562115,-0.08287711124053576,-0.12161610665215616,-0.09689004597482151
0.0027754373791941678,0.04057915793484468,-0.004955861855350796,0.0148470446884901
-0.02678792072357039,-0.10130599292078601,-0.04887159533073937,-0.05618179718367121
0.005637093088212808,-0.025736792068450254,-0.007691048928162303,-0.007342988019075529
0.015755984244015808,0.023977138077646787,0.01566622691292885,0.018619924486123606
-0.03455304762851741,-0.09175685794023547,-0.06754343237538551,-0.05952293894964894
0.006128018950512404,0.031177396387619183,0.030123628765453603,0.018494642525740956
-0.0337803255195005,-0.038229522494367396,-0.028059499661933662,-0.03447942058206889
-0.021824345799343114,-0.05728103982468069,-0.014782608695652288,-0.03317792814265764
0.05074190403985712,0.06308617234468938,0.05701676963812896,0.05600362778628919
-0.005617687986393838,0.0007540340823404268,0.021042084168336528,0.0006113805608727097
-0.019332434953871713,-0.007534659433393598,0.0026169447170427684,-0.0119108065710672
-0.005866497542413196,-0.018675979350136762,-0.03376835236541598,-0.014535094398566862
0.022115895800106422,0.034117282995512976,0.009961168326861447,0.02449317219751197
-0.007853947779049242,-0.006583376973142818,-0.026579739217652998,-0.010218116712772556
0.01771952817824385,0.007003539423149352,-0.0022325261892495174,0.01097612395883677
0.00922062535414403,-0.0007478312892611472,-0.004475043029259829,0.003677315271441639
-0.008523887300939115,-0.005687771291722932,-0.012448132780083054,-0.008119883519585041
-0.005817245817245853,-0.012569622158663085,0.009278711484593805,-0.005916183941465935
-0.013514913007456553,-0.02698376400640301,-0.024457935819601095,-0.019870464278909494
0.030707049498714056,0.03674108891500194,0.034139402560455334,0.033333816253676006
0.03600529639437777,0.029242859301798152,0.003610729023383774,0.028779258306325804
-0.008897409428304526,-0.007121356728580719,-0.008052081548740708,-0.008148991801466622
-0.010465231623846827,7.394262052651257e-05,0.004145077720207224,-0.00458497423670805
-0.02100145356122496,-0.015526802218114644,0.037323701410388876,-0.010336552345394275
-0.005734179807495354,-0.011791212917761973,0.0006632399270436462,-0.006894528435907821
0.0012873326467559565,0.005851953184374592,-0.008450704225352212,0.0014242443041062537
-0.01614811005399841,-0.025160559123536097,-0.019050802139037315,-0.019737871041092436
-0.0037635251685745885,-0.007905751046349385,0.03764906303236781,0.0009985840043455936
0.0051419276982003215,0.011328124999999911,0.08258085700213424,0.018922936149420266
0.01148405282664311,-0.005330243337195895,-0.014407036700030185,0.0017153857402984643
-0.010115084894462556,0.007222739981360915,-0.06154793045083862,-0.01176177302138075
-0.00599551639643392,-0.016732207571902302,-0.0050828004590917075,-0.009616450917246522
0.010384978495751707,0.024231493099121648,0.013678312458800246,0.015725258701388467
0.01469061461794019,0.01944720924890908,0.018370996585920896,0.016907480033976408
-0.01089681281014987,-0.015396169733383425,-0.007183908045977017,-0.011914652018655684
-0.01075824971552708,-0.01967963386727689,-0.04759607653963671,-0.019406408192255958
-0.004339642371640751,-0.0016339869281046804,-0.017558669593111587,-0.005375517049623751
0.006406553589245467,0.01317122593718345,0.027667984189723382,0.011963403501095449
0.002139316462301144,0.010692307692307779,0.0006688963210701449,0.004912300371618815
0.01916067895449336,0.03820686505822346,0.013870320855615015,0.025033290375967143
-0.012363339123326877,-0.01480829851183918,-0.03181143893192684,-0.016136289880596177
0.03905441754603767,0.08653917702209979,0.02076949267960493,0.0529313446326945
0.03425100811470094,0.07300369812354468,0.012174783188792615,0.04450301587890999
-0.02305655836341758,-0.033635435282103665,-0.030318009556763892,-0.027848382963959657
0.014929050059125037,0.02694670101050134,0.02090059473237038,0.020030959593093544
0.010777222195252234,0.042317833944305105,0.016810918774966765,0.02272149079437792
-0.009269487536621712,-0.019004134016165852,-0.007857259780651549,-0.012464779641066636
-0.006302113631956541,-0.01037801119567272,-0.017323873948193347,-0.009381941826692724
-0.0008781344521416878,0.0034320579636455406,-0.02065144392209539,-0.0023355635271092136
-0.015917968749999956,-0.038130225487712166,0.008229041659523428,-0.02007020704677072
0.0027289868016273644,0.008231265639404794,0.018194184662472468,0.0069745640739762305
0.04671186105200653,0.07452158578799573,0.05694722778891115,0.05798056972013844
0.006996643502103828,-0.01081935327011907,-0.017854321377784754,-0.0029666001001574733
-0.01849678418853573,-0.03625414772029001,-0.04665379665379665,-0.028935413294438866
-0.015162385803797807,-6.375924509061104e-05,-0.0011812352345595967,-0.0077806939228645565
-0.0990772219524041,-0.14926991009373203,-0.12316269640141908,-0.12025748396922112
-0.14409703504043125,-0.17576075550891923,-0.1452793834296725,-0.15535668946278822
0.10543553568054409,0.17750295535145955,0.14968440036068542,0.1372964622673857
-0.030995384878354515,-0.007799830102710792,-0.0539215686274509,-0.026315868269243668
-0.012877050626212694,-0.023038605230386033,0.036062176165803095,-0.009092710718870994
-0.028472718608529957,-0.02844168260038249,-0.08581716343268653,-0.03706352272930183
0.01710606989576946,0.018122181221812195,0.024726477024070048,0.018604769929129506
0.017180059075290854,0.008617912371134073,0.04825966260943848,0.018845248258958124
-0.013037809647979182,-0.028986664537251405,-0.030148706457526986,-0.021186543380656633
0.001921460309835421,-0.01307565789473697,0.018273471959672438,-0.0008747293142893626
0.00023972192256982439,0.013915507041079911,0.003712871287128605,0.005547219118732172
-0.026003594967046184,-0.06196581196581186,-0.054048499794492444,-0.04279710664073111
-0.0301427165354331,-0.031364990362712564,-0.023028459700195514,-0.029503373849695275
0.0273373081314221,0.029486251808972685,0.030464754280631556,0.028558555340946222
0.025066370315490527,0.03953610964681076,0.036469572723349275,0.03184125944263142
-0.0007227609468168916,0.01690331304935766,0.030605871330418477,0.010145659793429507
-0.005002712313905144,-0.004155585106383031,-0.013333333333333308,-0.005955810944186629
-0.003271141264841293,0.005591720914705389,0.011056511056511065,0.001980008346202899
-0.0018232648596085976,-0.009793343845962421,-0.005467800729040073,-0.005159472885247157
-0.013029712615684419,-0.021372894141312604,-0.010384850335980578,-0.015553096807698709
0.013818630475015414,0.04119561493662216,0.01502057613168728,0.023580866885078555
0.04478520141170739,0.06531216583038568,0.029799310764240916,0.04972175536112482
-0.011240535818287656,-0.014361825341672407,-0.037992125984251945,-0.01634572567636696
0.0069505801967366665,0.01527614571092828,-0.00020462451401670467,0.008791247420090725
-0.012225797016671591,-0.04220679012345685,-0.019443307408923416,-0.023801771162884205
0.013502309605590401,0.03085474905341168,0.005635566687539173,0.018395651974620165
-0.008531027229169097,-0.015629884338855926,0.008717310087173136,-0.008428376620108152
0.0070132013201320564,0.009368053350270023,-0.005967078189300423,0.005890357604265472
-0.014689530052086397,-0.03161868806040591,-0.02546056717035816,-0.02223039092273899
0.023342836778332154,0.04028589993502263,0.016355140186915973,0.028224754394461392
-0.005862209066109458,-0.011008744534665715,0.012539184952978122,-0.004903287377241011
-0.0021602055114432472,-0.0024473040183153882,-0.008668730650154721,-0.003236968759655218
0.006904218594582012,0.00878442545109226,-0.01790547574432655,0.003840836843524314
0.03271543959556045,0.035930022750451096,0.009327962688149283,0.0303324221636605
0.0017443169029933703,-0.009996213555471423,-0.0212140306658265,-0.005808620892792288
-0.024771105993371956,-0.031285856345138696,-0.018454935622317592,-0.02610384306083216
-0.041988250201589694,-0.07825331648768175,-0.08111062527328383,-0.060549379662476026
0.008897973907292744,0.017390559410605633,0.023078753271472685,0.013997495738079246
-0.001906918538823632,-0.0037891545975076157,0.021627906976744216,0.0009645226679721509
-0.01809063227655383,-0.013016651170653204,-0.06669701798315486,-0.023605696745478764
0.02748388665937007,0.042134109788473095,0.04292682926829272,0.03492790614589453
-0.004379216475322578,-0.0023831046100748488,0.0002338634237606385,-0.0029886153376233906
-0.0001783166904422151,0.0032948929159801743,0.01356090717792835,0.003098190252061206
-0.0024968789013732895,0.0018883415435140272,0.005305651672433687,0.0002083278404083177
0.003575898444484249,0.00016389412439576923,0.0064249655805415085,0.00280905700286187
-0.000653245442128414,-0.0019664072101598373,-0.00911992704058373,-0.0023828543007077094
0.00528880437366297,0.007881126344306821,0.0075931891394387385,0.006541774778254683
-0.012827333451557621,-0.013602671662458321,-0.037451472939027286,-0.016792322748493314
-0.009580838323353325,-0.017753922378199838,-0.034638196915777075,-0.016200021531413165
0.005320435308343363,0.00899537620849089,-0.03096583927254848,0.0011637234362612218
-0.0015034880923743277,-0.0007498750208299043,-0.04641136190717721,-0.007975904589554212
-0.004517255917605212,-0.003502042858334109,-0.03111702127659588,-0.008151896150708927
0.005263794772507158,0.004100075307505779,0.045841339555311666,0.010943124677177351
0.003490821546795031,0.012083333333333224,0.020997375328083878,0.009124183739276724
-0.00017993162598217705,0.0,-0.017223650385604028,-0.002673513370831693
0.010737852429514083,0.03458213256484144,0.0026157467957101943,0.017865034631808073
-0.0013650661760341576,-0.004695582968563539,0.0015653535090007775,-0.0020911841006642008
0.0073695471294426,0.014872861026707263,0.017191977077363862,0.011469071485673422
-0.0002949852507374562,-0.004175858808698307,0.011779769526248485,0.00015792222052413694
0.01026851578636756,0.020333887174618148,0.05871931156669197,0.021059015139303926
0.003504877621356428,0.023960918114144025,0.06789385608415022,0.020322838563251157
0.015542231794632988,0.01135933358576291,-0.001343183344526655,0.011545405150654513
0.027742749054224358,0.04095844253088732,0.025106478368079,0.03197280116813459
0.05147796988287778,0.018990073370737992,0.043297616444347264,0.03888015308784928
0.05717922876995707,0.02428349569391508,0.05952630475791221,0.046017783591535646
0.051628117003662544,0.06822880771881468,0.05479723046488627,0.05791372577314935
-0.003578244274809128,0.0020645161290322456,-0.02119279819954989,-0.004245461222175761
0.014555901364615709,0.015387586917331886,0.030082391262693964,0.01717596479277811
-0.0025956864410778824,-0.007608902415826568,0.01227678571428581,-0.0021194412089353687
-0.021955143370871566,-0.03411922560858727,-0.010106578463800142,-0.024435287418011348
0.020125786163522008,0.026261824436065284,0.13309819936885092,0.03921926153971149
0.07550033197382144,0.06896996261441268,-0.014252948885976391,0.0597517105690587
0.00463003792221528,-0.019295706705258042,0.21522353332225364,0.02784505161260537
-0.002896896809024274,0.000983767830791793,-0.05497811816192577,-0.009350847388023876
0.009024078883655307,-0.0009828009828009021,-0.01099855282199702,0.002518276174547785
-0.012433470028793248,-0.042978357107722576,-0.08165057067603165,-0.03350674560350427
0.01842116888280243,0.03424349502088009,0.07170172084130022,0.03195106582490428
-0.00190856250542204,-0.00509380047210839,-0.00460898007731203,-0.0034284584295457606
0.003172533681008227,-0.002122877122877065,0.03734129947722176,0.006444454769080404
-0.002166096261317807,-0.015830309097734974,-0.03743700503959668,-0.012239207070805646
0.030955585464333746,0.046029626803992585,0.0363500373971577,0.037040667723137924
-0.038532805525141045,-0.04801555947243663,-0.07621247113163965,-0.04750371924766929
0.012964828522622707,0.012130498627338282,0.008124999999999938,0.011946838780879742
0.02628961819518305,0.03576610105342848,0.07455052696838194,0.03684552351154878
-0.009985253844533415,0.0012180267965895553,-0.03476128660031741,-0.009780510533507973
-0.0027236360541322835,0.01228710462287097,0.08114166168559489,0.01510991784377793
-0.004437996074080353,0.0016824900853262825,0.003455425017277136,-0.001111812754584407
-0.016845263609087002,-0.022315536892621557,-0.03429752066115688,-0.021377697816134578
-0.007585996424990138,-0.009694441035709822,-0.03537298530880062,-0.012492000371313598
0.021482229934542962,0.03574969021065688,0.10927103356498602,0.03964416157574929
-0.012515052468604848,-0.012621881916611954,0.00666488936283649,-0.009675451500691134
-0.0504768956055921,-0.06361323155216281,-0.056673728813559365,-0.056004138168086935
-0.007476378313916121,-0.020186335403726607,0.06779898933183603,-0.0006335581484869686
0.010582744119413956,0.016178024300052884,0.16129880373340355,0.03514850112473602
-0.0036125845985001126,-0.015075703424524023,-0.02037582069277788,-0.010139161601750147
4.589471751792473e-05,-0.006135778848056939,-0.011555350127108843,-0.0038578777571272923
0.019320789352914147,0.03332448220924045,0.027004909983633363,0.025374699947236234
0.09549322407815941,0.07625594243864842,0.041206602162777495,0.08061718221702328
-0.033330593457175706,-0.02208559660956244,-0.08713239313436094,-0.03746511451208885
0.045023595935546945,0.03430385155343951,0.023353293413173493,0.03802114002345333
0.0024410089503661414,-0.001357332546473855,0.016500877706260964,0.003220569739856366
-0.013961038961038952,-0.005613993617775703,0.010131245682707624,-0.007425730394334829
0.02251399407309851,0.012598799548344974,-0.012992933667654416,0.013717636828321833
-0.01581934548967512,-0.025881800575151215,-0.045727482678983744,-0.023827425347988044
-0.010715746421267935,-0.009820460296421252,-0.0014520813165538327,-0.009012846511864481
-0.010294360840085948,0.004380894432613358,-0.025327193407658655,-0.007412946379777097
-0.031329629474915355,-0.025988974374507867,-0.04463508641054326,-0.03145621873011692
-0.0012074690586053594,-0.007961189202637109,-0.025507548152004178,-0.007216282973026294
0.017313587496222027,0.02946708463949843,0.0008012820512821595,0.01909046567962779
-0.0029284441049146626,-0.004689403166869721,-0.03482786228983192,-0.008329692504336522
-0.015196015834503918,-0.017683411858287923,-0.041614820959491206,-0.020029425211576413
0.02152489626556009,0.0373115734396412,0.02062896710905915,0.026915843903013336
-0.007108403148007092,-0.010388518585239814,-0.02473498233215532,-0.01090043042866078
-0.047174635643058016,-0.047451456310679596,-0.0728985507246378,-0.05113011013896253
-0.0005366966322286615,-0.0019110714740731005,0.008285133656401378,0.0003055467164202907
0.003624647603705178,-0.0014041358182282915,-0.005426356589147363,0.0005069227771005825
-0.000936329588014928,0.0007669691934040213,-0.0009353078721746622,-0.00034002175714225593
-0.009238184495916402,-0.0027462000255460417,-0.021844281479169947,-0.008856904478774807
-0.022342342342342336,-0.018699967979506904,-0.03174349976072732,-0.022477684928107682
-0.06160154810173235,-0.06173725771715721,-0.053706754530477796,-0.06046482743144287
-0.007217557814111042,-0.004312443486123696,0.0356894150417828,0.00023527812906860499
0.019683481701285865,0.03667481662591676,-0.026559085560598383,0.018694063835624043
0.07590454942283431,0.07237196765498655,0.07149024348126409,0.07400599991285206
0.09133119956723612,0.05561141133593073,0.03771152296535063,0.07078632219599641
0.022347061010367986,0.01470325614619905,0.014598540145985384,0.01850945117825147
-0.015434343434343467,-0.02810043411944141,-0.0779121383744068,-0.029239144415137246
0.027987524622455684,0.012192913623468415,0.016102257636122053,0.020676620724860095
0.09644710578842308,0.0700697716023615,0.07008658715896088,0.0832609610288822
-0.017694604237966982,-0.01688586714222029,-0.04610687022900761,-0.021673386153111734
0.03980726464047435,0.012357576101128087,0.03985275288092183,0.03020669688777028
-0.008519284237541891,-0.026765216417492632,-0.046636909342773536,-0.020623004266309395
0.013553837857271267,0.03958345319601886,0.037294155634485016,0.026225250892414984
-0.03093076049943244,-0.03802091980740496,-0.05712062256809336,-0.03734079556752196
0.03744509516837491,0.045449315383730315,0.033344338065368184,0.03963145867829829
-0.029989768196732824,-0.03604446401056571,-0.04297124600638991,-0.034056133403022895
0.00021823736951231965,-0.004224467659987519,0.0040060090135203286,-0.0007685436442114224
0.018364304156514688,0.018001490569282907,0.03325020781379884,0.020470204949576187
-0.03078131695472075,-0.03339528073435827,-0.04633950120675778,-0.034029931915399436
0.0047896249355243725,0.03320904218130982,0.006748776784207822,0.015030293748851797
0.0396377236726313,0.011164993797225575,0.1442936148818501,0.045370651897622113
-0.01107466582019534,0.00044612982377878474,-0.05052724077328641,-0.012960273587768056
0.015585434573272883,0.015719063545150513,0.12941539410766612,0.032706698643589036
-0.0002458210422812135,-0.0004390297442651292,-0.03783119366293353,-0.00595124998107343
-0.009940637184305712,-0.013945316789283013,0.03633782824698373,-0.0044005052313543505
-0.01312708436812604,0.008574610244988845,-0.06725106149842508,-0.013650087823080687
0.013014092608570671,0.03323396268079937,-0.009544787077826689,0.01670721518089111
0.00017744339555680888,0.020303483650352616,-0.009933283914010271,0.005704948388300279
-0.004683674555583162,-0.019166317553414247,-0.01482479784366586,-0.011273768098036445
-0.004277922355709229,-0.004217832354511564,-0.010639914880681056,-0.00521118973403582
0.0013604955067845204,-0.0076671492145192754,-0.00445536948840064,-0.002671559894949582
0.01326468590224894,0.004808731359412288,-0.0012345679012345512,0.008130213741733588
0.04629498941425547,0.027800182825186814,0.022404202719406685,0.036238189103854124
0.020032375556454873,-0.0102019462174322,-0.012090071029167482,0.004631995947751044
-0.011340342524631342,0.014429938157407785,-0.018510019886798235,-0.003396195890242682
0.01695482058656328,0.0497082117548977,0.039744389027431604,0.03183694276161057
0.002893784939164812,0.0432840266057779,0.009293958926697599,0.01799039562060931
-0.005442979867532283,-0.004282043962318016,0.013664042774394813,-0.002170598904418225
-6.593696426215878e-05,0.013188073394495348,0.01597069597069578,0.006978461601546659
-0.029080118694362,-0.021222410865874397,-0.03720796077300259,-0.027549097266187428
0.032158380874762305,0.01416594391442616,0.019173157579388977,0.023913244444338653
-0.051587432143444634,-0.08076776890916015,-0.08965314520870082,-0.06751040697123349
-0.020432233669823385,0.00418647922265869,-0.001775912173070715,-0.009017235932941759
-0.03484666052836605,-0.04863863297133153,-0.03574316674753364,-0.0398083268162791
0.020657518162471522,0.013903916901103486,0.025159342502516058,0.01896903137199939
-0.007944781967861414,-0.0063497145296408375,-0.013743455497382207,-0.008256309393912331
-0.0030439194086099297,-0.010954784663301464,-0.006967485069674928,-0.006401257096911717
0.028642047106717028,0.013193614941904741,0.01520213832275319,0.021219109531438154
0.004522968197879784,0.00021435078505982474,-0.005594865887773581,0.0014972769905447934
0.037181651892500334,0.023037771229574178,0.004798940923382622,0.027373887015108518
-0.005155163642530103,-0.009007593610892872,0.00016469038208155595,-0.005705536027765323
-0.002931851498312432,0.008930930613539223,-0.00279927548163994,0.0012400086433365207
-0.00041029849215301617,-0.021160695579300226,0.05581241743725229,0.0007604699167562566
-0.03954164528818194,-0.020494434931506822,-0.07225523928683142,-0.03778216076314307
0.021403896150147705,0.02196121278339258,-0.008597437626432836,0.01709875690529633
0.012308228730822934,0.01854920617950495,-0.003060703961911271,0.01218723093395151
-0.0062687286880446225,-0.0142227353836466,-0.0218318267098756,-0.011387095734779962
0.024123947176874383,0.06319544268753652,0.017262423714036634,0.036769742086180474
-0.02152502792161637,-0.048172258387581435,-0.026054165238258542,-0.03153092918220046
-0.015184531839092408,-0.014572811447811418,-0.0001759943681802767,-0.012719149081507241
-0.027465580219162677,-0.012759596391009431,-0.04171800739306453,-0.024456349955394318
-0.0014445648248465615,-0.0008111615833874541,-0.005510653930933196,-0.001832787056248869
-0.0011573236889692584,-0.0027060670022189814,0.0046176579239010085,-0.0008331366066761214
-0.02270258527047575,-0.02550605090356539,-0.054605626034197496,-0.028469254356615386
-0.006668889629876662,0.0071281394442277435,0.014196810579541141,0.0012899255774725502
-0.0008205587258960367,-0.00680121647774401,-0.009204218600191827,-0.004171337920187195
0.005375340624883318,0.0022269235051775027,0.004644861621830865,0.004163822782528415
0.008651097167044153,0.008999000111098887,0.0171450587555384,0.010046957435737447
-0.004748582787307609,0.004404316229905225,-0.008522727272727293,-0.0021111898040960695
0.013573991197248114,-0.0010962508221881162,0.01967526265520525,0.009354597209139004
-0.02138373960005835,-0.011852502194907855,-0.017984263769201814,-0.017537885133627196
0.002796629129689032,0.006719235895157771,0.009538344143456667,0.005180798749668236
0.008254936228758503,0.004026697556401393,0.0009448223733938832,0.005678535615128821
-0.01346118384657935,-0.008130974618173803,-0.013215027373985389,-0.011558687145748314
0.003962616822429821,0.0068128946493850595,-0.006696001530514528,0.003361421308922502
0.013777182007745026,0.020245365021730688,0.006933744221879756,0.015014530394760216
-0.03309336663483431,-0.029387975195470428,-0.028691660290742216,-0.031136223679443138
0.005811965811965747,0.0033333333333334103,-0.0005907837731389254,0.003984032006678728
0.009064128710627672,0.012513842746400883,0.02857142857142847,0.013197623602268414
0.005763904483868654,0.0013124794925079009,-0.0019157088122605526,0.003053963742473009
0.04465614766299497,0.04276351720371374,0.026679462571977064,0.04129722423859385
-0.011506127101738373,-0.008222908919499283,-0.011030099083940925,-0.010285596535285074
-0.0015496053911853158,0.004066328686100684,0.0007561436672967048,0.0007618338946370871
-0.017577420053418003,-0.01435859674959239,-0.030034000755572388,-0.018319319002402197
-0.014438443734156259,-0.006189967982924149,-0.020447906523855974,-0.012452896639679977
0.01584283903675532,0.02405498281786933,0.01073558648111339,0.017951001476798935
-0.006421782686873878,-0.0076027684563758635,-0.011014948859166096,-0.007524102632043406
0.0018097207859357756,-0.001109526073862832,0.002585521081941211,0.0009043544294070783
-0.05109677419354841,-0.042261715857399684,-0.028764134100377037,-0.04465460776192065
0.058160767706593175,0.04075771800960948,0.011437908496732208,0.04506127143116974
-0.03260390659421353,-0.02743433271424789,-0.022617124394184174,-0.02929653840622115
0.005161682101108234,0.004255783500654697,0.0,0.004070365275783261
-0.023674671499773425,-0.04786482668694991,-0.05826446280991726,-0.03732969451180677
0.0032486367327997367,0.0005135520684735884,-0.025669153137341083,-0.002046311380235538
-0.0013492155275433015,-0.0061024295654157346,0.02139157847331674,0.0003982786593303535
0.001080830695591839,-0.001893613358581514,0.031746031746031855,0.004639555434197168
-0.031117451993522005,-0.05082212257100149,-0.027991452991453003,-0.037545186845329474
0.017749830859234983,0.00860084797092675,-0.05209936249725222,0.004070307844854022
0.02971884409337977,0.0311073744895507,0.025974025974025983,0.029643107014136527
0.006607678578209875,0.00588235294117645,0.035036166365280286,0.010618087773308738
-0.00630022258271401,-0.003821434775056365,-0.01222974448569547,-0.006322075135481053
0.019058466211085756,0.009473990119151399,-0.007296042449701501,0.011750723279790643
0.05487668579092464,0.032012897282358344,0.09354120267260568,0.052674037345178594
0.059826946847960416,0.05434054898460161,0.03075356415478625,0.05354570019180871
-0.003998800359892085,-0.00910149222139911,-0.010077059869591065,-0.006696481437874391
0.027669042122520082,0.01126775606109165,0.045908183632734634,0.024664463227552315
-0.005469462169553352,-0.009241168083645723,-0.024045801526717647,-0.009576010143060327
-0.0023242110776482416,0.012631915574032648,0.014274540477121622,0.005400245983655549
-0.006660760573547253,-0.02131691141639036,-0.03952188162714476,-0.016719581526581966
0.013939353901037288,0.01645692158760892,0.013247691690084107,0.01471675325969438
-0.020100338806359086,-0.03291005291005289,-0.0538827258320127,-0.029651096796499958
0.012134711925263497,0.01329467118940797,0.01570351758793964,0.013076018517115482
0.0008211798712389751,0.04384212515522923,0.04555761698618843,0.022588976287877982
0.0040368899537235325,-0.004603527647028316,0.0011829652996844242,0.0005846550953545194
0.0007845188284518745,0.006859280814799362,-0.015360378101614724,0.0004889509841635056
0.01770316174549258,0.009496284062758154,0.008000000000000007,0.013375280294711646
-0.012420566146736034,-0.009867075664621638,-0.031746031746031744,-0.01442566431789035
-0.008774495466510657,-0.01357980069189857,-0.028278688524590256,-0.013381981254108366
-0.0193108422674666,-0.032872696817420555,-0.025305778152678204,-0.024956731742732222
0.014576089863599817,0.01255683048278855,0.02077022933794903,0.014798470001468254
-0.0018123105311717014,-0.0028330126149240797,0.0008478168715557732,-0.0017705371500759126
-0.004159376753705479,-0.0010720986330742255,0.004447268106734459,-0.0017878326824185497
0.008419796466337282,0.009229943654413653,-0.001054185114906181,0.007282250744977492
0.006574405838072339,-0.0010634338278300293,0.01941747572815533,0.005827622438518959
-0.007805101074426002,-0.0037259807313567705,-0.003933747412008359,-0.0057967059049891245
0.035843591600289715,0.07111182347598444,0.12242776969445024,0.06117509947090695
-0.036223825108830376,-0.03287110933758974,-0.05222222222222217,-0.037450134155904924
-0.0009890870726320111,-0.0038165970395586113,0.015435717076983213,0.00048500506138596244
-0.001584106135111063,-0.004090085425834888,-0.020011545122185836,-0.005225314734925618
-0.003272402736918645,-0.006342274901226741,0.01943844492440605,-0.0009402308452277743
-0.00948464548650263,-0.0071675211886576,0.015986132511556228,-0.004853035282548041
0.0017075130574528696,-0.00474258312694309,0.06578199052132705,0.009061151012495411
-0.0037768642000066688,0.00148250119129556,-0.00017787264318736007,-0.0013962375795279925
0.003422129772528981,0.0002643404705260366,-0.0062266500622665255,0.0008695865416086246
-0.003978868530159163,-0.013530655391120416,-0.027926960257787292,-0.01091420769063982
0.009936553761455524,0.012323189027003911,-0.0202578268876612,0.00624271900702995
-0.030181153398703642,-0.02106488832433584,-0.022556390977443552,-0.0258467462594859
0.001610857867498261,0.004271193771626436,0.005192307692307718,0.0030791929076645404
0.004448398576512469,0.007913862718707865,0.006504687201071446,0.005969754319964704
-0.004599032499829625,-0.005982266851832119,-0.01121459798517388,-0.006075499345832135
0.0033539819980150654,0.0070929607737775235,0.013071895424836555,0.0061203115835551485
0.0014667257904970032,0.00352150250773664,0.022770398481973597,0.005381448545252365
-0.0027588555858311103,-0.010155253083794058,-0.021150278293135427,-0.008106308116213788
-0.0016394002527408968,-0.0029542890906161245,-0.00833965125094771,-0.0031046489957282488
0.015907769149190898,0.008889128326688978,-0.011467889908256756,0.009344896002698078
-0.017914870689655138,-0.017942008864206827,0.016434648105181582,-0.012771941231522721
0.0004114661911946982,-0.002501223424501098,0.018451588358379345,0.0020980431507788668
-0.0033931998903208305,-0.003924775143090753,-0.011206574523720536,-0.004751257423800259
-0.0009629604154486326,0.004213867454714526,-0.0075557234605212464,-0.0001399851176524193
-0.00024097215050433718,-0.004032697547683983,0.10734678340312143,0.01457008729352665
0.004786171751256729,-0.00032829940906098365,-0.039704365761429994,-0.0036774737817574787
0.01997875329837906,0.015818281335522766,0.10739216037229271,0.0316345991724664
-0.006685929310576544,-0.0009159976291825966,-0.03200258606756101,-0.008463951735636332
-0.004802976492474187,-0.002049401359076719,-0.03139088328602435,-0.007827411214817597
-0.0008496754239880611,-0.0017293558149589217,-0.027926219617307346,-0.005219045189825755
0.0005782706306551866,0.0010827197921177145,-0.003546728143287936,0.00013607802107560294
-0.004453510113887504,-0.005353666450356953,0.010500088983804945,-0.0025255249669979447
0.0042343942084415165,0.0025009514489209295,0.1583303980274744,0.02674208981546424
-0.008025027203482082,-0.009002657410922543,0.023262885814200995,-0.0036740108234337822
-0.01614561908679557,-0.011875444645104816,-0.06760772659732539,-0.022370374158783277
-0.07173966063900217,-0.06762295081967207,-0.07091633466135461,-0.0701753133055895
-0.02218301929284583,-0.013305613305613306,0.01543739279588352,-0.013432865384005042
0.001765767149053854,0.005117091084221315,0.09054054054054061,0.01625494653508548
0.0036402651645783823,0.009463344513656047,-0.048636926889715104,-0.0021632358713884574
-0.00255803298717161,-0.010679957280170904,0.0019537609899054065,-0.0047239373931598095
-0.003177033492822945,-0.020031186278037683,-0.04403639909002266,-0.01520489180722806
0.01493740880116734,0.02784577723378212,0.05405405405405417,0.025322834540515538
-0.00995043698687148,-0.01113426615064006,-0.04676665054023543,-0.015887209227195075
-0.004585753592173614,-0.004696531791907432,-0.004060226695990599,-0.004545696927652998
-0.0015356265356265553,-0.0040532365396249714,-0.016986580601324963,-0.0047344331468807625
0.0031528760381420717,0.0069853611127983495,0.008467254190426932,0.005291402537114498
0.0004982752012265834,-0.00337797080468083,-0.040095956134338584,-0.006947545601175786
0.062176761291805605,0.046604527296937315,0.008389860764012713,0.04865844431443277
-0.01536463968837909,-0.013821420309970023,-0.05009736236502038,-0.02003442130743211
-0.05010989010989009,-0.035008502902715066,-0.024599329109206147,-0.04099782043727624
-0.00516736078975788,-0.010330578512396715,-0.04528085594191822,-0.012991511265505523
0.0027909140243429498,0.005219206680584509,-0.01160696417850704,0.0014811347235999972
0.0038654812524159254,-0.0007940871052470877,-0.013160558817574497,-0.00031927368326469256
-0.005814401232191013,-0.003729062232546765,-0.00492408699220348,-0.004950985446317396
-0.0013943220109221555,0.0026385224274405594,0.019175257731958828,0.003102610503936942
-0.0013574836132335122,-0.0011015911872704898,-0.003034594375885158,-0.001519487878544201
0.0193024700947646,0.00961891925009195,0.015625,0.015361606784914484
-0.01284054105543908,-0.0072213119728139485,-0.0009990009990008542,-0.009097579868054552
-0.000347383047707317,-0.00042787286063572516,-0.021600000000000064,-0.0035634470250761716
-0.0024325263523687912,-0.011312908946370714,-0.015331152902698264,-0.007475454242818884
-0.02635856943799353,-0.04026472043542795,-0.03736765621756277,-0.03287708530403096
0.02739018087855305,0.026809305922536497,0.013802027172741038,0.02514865158807545
0.014780993654233132,0.009288897257264672,0.057009146990002035,0.019192982915659504
0.011553420269961201,0.011815185622784607,0.03622459247333465,0.01534571397395541
0.0029401786723961543,0.008850101407412048,0.004272674305690449,0.005208525974645861
-0.0013530273988048291,-0.003959792872372803,-0.0007735447689034558,-0.0021784729200684137
-0.0013548605622670795,-0.007155963302752366,-0.039094251983743056,-0.009046155234658326
0.008856227623893043,0.008809215794985503,0.007049345417925457,0.008568741152880265
0.01658573029510646,0.0036028334147533148,0.019999999999999796,0.01255385684271686
-0.0031601381641801485,-0.012838454517797304,-0.009607843137254823,-0.007514704633907354
-0.0208271896195813,-0.023730276134122263,-0.0007919223916056373,-0.018837979815474283
0.0006776343033543242,0.005871582801944442,0.0007925500297205623,0.002512753636815801
7.524171400619117e-05,0.0005649008285211199,0.025539497129281274,0.004066260716377678
-0.01260203889703948,-0.008217803149112246,-0.032239382239382164,-0.014013157886616352
0.0018668088997257914,0.004490828589500229,0.004388589666866061,0.003163482906217885
-0.003384416473361962,0.003148416346577587,-0.02025819265143991,-0.0036289914130948116
0.005837912087912178,0.0026363693427908785,0.0030407459963512906,0.00429779721338559
0.025226660597094108,0.03493395104238406,0.00808407437348424,0.02605282431940411
-0.004255161696144483,0.00877139918940184,-0.007818765036086583,-0.00023040588719458487
0.002043773921444725,0.002098824658191445,0.003232976358860329,0.0022414220449184174
0.038159163390936834,0.03650290227993547,0.022155085599194546,0.03517886033332501
-0.017431684229326616,-0.03989377056751919,-0.021083743842364555,-0.02584122338964971
-0.002617515541498583,-0.003547805171377094,-0.004025764895330131,-0.003154354315030794
0.012939675596865374,-0.006094985215134852,-0.015157639450282923,0.002062947055593051
-0.013422094278517482,-0.021615057680631433,-0.010876256925918426,-0.015907755866367505
0.019367545683335097,0.02147201191510484,0.0058091286307053736,0.018070346306560046
0.0008229569199942333,-0.006682867557715633,-0.0070132013201320564,-0.0029795053832231628
-0.0013585499267098067,-0.0006727828746176945,-0.00020772746157049493,-0.0009459080887066707
-0.012136183009343826,-0.03298855499112563,-0.037606482443382494,-0.023255058118073255
-0.007211712691164718,-0.007848101265822804,0.011658031088082943,-0.004603987125407898
-0.019018068990691694,-0.000637917836182722,-0.0066154502774220525,-0.010724623279623107
-0.00439086105529507,-0.017234775947912673,-0.015252416756176168,-0.010515464622843394
0.004148602182687977,0.008183943881527656,0.020506108202443363,0.008014597680245171
-0.00044664458257337447,0.001803891251127343,-0.00042753313381782565,0.000343909676535209
0.011878607335691571,0.0018649517684887762,0.001497005988023714,0.006816587685020414
0.04945904173106652,0.027216124269850317,0.019431988041853643,0.037169962566258916
-0.0038572129882881168,-0.021745922639505033,-0.02744030163385003,-0.013655724663048324
-0.0028161081385524867,-0.0011497923985946956,0.1195347835451217,0.01611973612298387
0.014296808811070427,0.002558035428790628,-0.12158522508657177,-0.010194066957373831
0.03323704451327747,0.0237290297888626,0.04007884362680669,0.030935509226761648
0.00805039073026137,0.015452676179201097,0.03579700989682033,0.01480318351237412
0.00250609817221914,0.02110817941952492,0.020532628583045387,0.0117208061704001
0.10239317378841406,0.06165494862087617,0.03167330677290847,0.07752681492744996
0.02548829896595506,0.01058470594894434,-0.0061787989959452005,0.015521976715716269
0.01713005277589419,0.0013442365856390914,0.0009714396735962527,0.009181225143960215
-0.009652733491796628,0.009117350934108925,0.03047360248447184,0.002935746453710585
-0.0075808576028099095,-0.013303031982706104,-0.043134300244867196,-0.01491663503208217
0.00545626142865574,-0.0019100050558956694,0.025787401574803193,0.005927739180984864
0.013111965034759976,0.010862835594078968,0.014392630972941856,0.012516869621248905
-0.001245005501187113,0.0077394209354120225,0.009458948164964065,0.003505136801545261
0.004812291636469013,0.0032598486104202795,-0.017053973013493318,0.0009889968798576067
0.022474827616052684,0.017402797664941128,0.023832221163012424,0.020903226165207598
-0.014193002257336329,-0.025116379776983888,0.026070763500931182,-0.011976619525472847
-0.006010819475055107,0.017545807884508546,-0.005807622504537258,0.002264479646369849
0.010337777521812974,0.013423551238677334,0.016064257028112428,0.012276770248660416
-0.001168557259305758,0.02013784191255641,0.005389867049946151,0.007272446097233786
-8.560422314163318e-05,0.0038530560540483982,0.04789135096497499,0.00848947015209237
0.010615832429655914,-0.008254902991745139,-0.02114597544338337,-0.0007531961487903466
0.0063816569718191385,0.0016435160640440039,0.05714285714285716,0.012337487679753545
0.02954545454545454,0.1227968030487483,-0.02521423862887273,0.05396947254545826
0.017060474749952315,-0.01994060246075524,0.06339814032121716,0.011060747561894397
-0.004474932340094884,-0.01202501202501205,-0.012241653418123999,-0.008282468391520258
-0.0017764857881137353,-0.0036514118792599914,0.002414292612264779,-0.0018040931599581475
-0.01620557622822627,0.0036159296359639104,-0.04849068721901095,-0.014110815824377409
-0.025243250650952453,-0.03622376941428507,-0.013499831252109407,-0.027324919308292412
0.06503767855134401,0.04066683505935842,0.057646253848785634,0.0553991696237653
-0.04519893338965597,-0.047378640776698955,-0.02312793142487468,-0.04265118068040382
0.012719480160376051,-0.00020383204239715624,0.05513245033112568,0.014558266415017873
-0.0009556313993174248,0.0007135575942915917,-0.03373607406245083,-0.00528848165102428
0.022847772615468775,0.024854843638586033,0.0038973692757389156,0.020707686972600337
0.0014428472185112895,0.00536725971573393,0.07004205758654147,0.01310627314774374
-0.04594450373532555,-0.043845773603559124,-0.10582010582010581,-0.05419128850192434
0.04659097264947709,0.06725947371142027,0.05934065934065913,0.055737401024834515
-0.0032866609662248747,-0.0008234838209650874,-0.01516118736035732,-0.004205727924503816
0.011929975067692444,0.009792989770688987,0.010857235456165792,0.011021119272012235
0.0016690510252741486,0.0006241298190021727,0.021962167361333718,0.0043472960534878926
-0.009230606469359137,-0.01036368870549842,-0.010039215686274527,-0.009748476634545195
-0.005872931126534975,-0.01682342674294568,-0.02915544287751548,-0.013197981354925798
0.016084854994629527,0.01065141279155779,-0.003753876285294666,0.01120734053156579
0.0006342662332514681,-0.009807270065869678,-0.0134338138925294,-0.005130483490308063
-0.003803185167577827,0.012023258105844148,0.0011624045167717423,0.0024809084307722993
0.02619369548503414,0.016944200993280534,0.008459114280975122,0.020296185232311525
0.019815537241325787,0.036962558651728594,0.028124999999999956,0.027063414148767895
0.013046562294168229,0.013066765167605299,-0.0004799232122859598,0.011024660473903075
0.04991372627472557,0.022651656715737767,0.018725992317541573,0.035693841835502234
0.04977968322019777,0.022328193243604577,0.02435192458758828,0.03635749793349873
-0.007056154282473082,-0.026374297048694317,0.055061349693251715,-0.004499878654291793
-0.010807970021021851,0.05592370377003686,0.0015990696322139009,0.01440917175383406
0.020835739530156383,0.00029682398337782523,0.0841799709724238,0.023148753805124
-0.01088407666372504,-0.00796947859262409,-0.004016064257028273,-0.008833765477835192
0.0016928989751097134,0.005170498248013189,0.008870967741935631,0.0039867690356498175
-0.05810076280089527,-0.054372316456234304,-0.052224886757261,-0.05591442517371879
0.0052373793705446925,-0.01042977881675966,0.06269328085465298,0.008372259227604413
0.03449273964011779,0.02703071052153372,0.016269841269841212,0.029147594693071877
0.0033342659951500764,0.024328747733002976,0.09319276324352477,0.024161109190654794
-0.025702400594919905,-0.04106749578961,-0.04691034646981784,-0.034261375794296126
0.007656529516994581,0.0030172025578674155,-0.0023735165521548973,0.004528258170927652
-0.021327462955072707,-0.014591658061329893,-0.019534184823441048,-0.018700939522517973
0.03156367154432216,0.010661563696008569,0.0063856960408683605,0.020471237471894332
-0.009191090269636604,-0.01834821026057154,0.03540609137055828,-0.005706505020434598
0.03329547068010785,0.011389207807118273,0.06741022184091183,0.030745491348682097
0.004763540593152316,0.017118467057167353,0.04776667814904112,0.015538235488940899
0.0029403049711667073,0.0384374999999999,-0.00010958904109581447,0.014906839129418946
-0.006113358483705311,-0.007093418167748555,-0.001534414730381406,-0.00576953781012186
-0.016006219559600354,-0.01944059577416002,-0.004390779363336983,-0.015465935205256732
0.012966792926358828,0.0032675409546518708,0.022601984564498245,0.011017333481982305
-0.024798696978734158,-0.01808899256194707,-0.03504043126684642,-0.023986560576075518
0.022653493295695215,0.06705513222770043,0.030614525139664783,0.03938822169849247
-0.020472477169737546,-0.014744182138956563,-0.03046400693842155,-0.019966303374266803
-0.012000093934199096,-0.019569388190151416,-0.00827462820082736,-0.01409052706377665
0.001806427077391204,-0.0032614367716125026,-0.0156725673694893,-0.002589174436792169
0.002609851001233787,-0.004886348763142867,-0.019816723940435432,-0.003377805157548424
0.04564816129490268,0.03139111754132129,0.08098632698375607,0.0459589208344772
0.01772014393373622,0.0017003188097768351,0.05405405405405417,0.01756329165839813
-0.04680898376695575,-0.06178654784638227,-0.10164102564102562,-0.0602759374758655
0.030817683424705367,0.026550273644217137,0.006735928758990761,0.025711826801677294
-4.526320554021357e-05,-8.812125484658484e-05,-0.03867090043093668,-0.005854109106606914
-0.004187036031142455,-0.01229399841367762,-0.0621682198891117,-0.015721650443725147
-0.0012500284097365366,-0.008342627704661987,-0.055597484276729614,-0.011884556543009406
0.06942927362097207,0.04944214504228883,0.0889717634523175,0.06536515209313475
-0.01853388658367916,0.005315728554893484,-0.05650684931506844,-0.015882465694887125
0.012054461885352419,0.10221312523986192,0.09178117708063271,0.055569001338722786
-0.006855184233076295,0.013231197771587766,-0.002612206126810679,0.0008114961844959683
-0.07726488352027605,-0.03680794196258119,-0.04785714285714293,-0.05869379287561288
0.0015194726261162916,0.022080393245064833,0.018879719929982608,0.011319831938328228
-0.02632868846719416,-0.0413838575805765,-0.054853356240029516,-0.03587669782280328
0.018650365575932026,0.01586017154879449,0.010257076084134065,0.016414804242664192
0.01501423763914067,0.03046837661303181,0.03919804652358305,0.02405075761266893
-0.009111775752938756,-0.022765044641131715,-0.02411575562700974,-0.01614101684491694
-0.034044644110627575,-0.023928175921531403,-0.04802940058294247,-0.032601593715291144
0.008356950802993923,0.008995502248875464,0.010649627263045636,0.00892434527806022
0.0010810031709427292,-0.007831010802779037,0.006454162276080089,-0.0012322278540892852
-0.002711587838648555,-0.005990447664534826,-0.004318806438947886,-0.004100271567753649
-0.04889316650625597,-0.05908461601107595,-0.06572029442691896,-0.05498424302104241
0.00860149767253593,-0.030164019561171873,-0.00745638716938668,-0.007375116085550193
0.005167051269188372,-0.0031682284694332097,0.0226789510985117,0.004876488335069318
-0.003942705993911222,-0.007341420833519852,-0.011088011088011163,-0.006204051951889234
0.04765006513678727,0.022322435174746413,0.046811492641906316,0.03865960877584083
0.0073174231192310035,0.00048522276135853915,-0.003079394831972282,0.0033666303012951483
-0.0023739435951001253,-0.005026233411225323,-0.018667741069030352,-0.0057463146518334784
0.03045878545592995,0.02729649488190744,0.021075680853975598,0.027944518064728918
-0.008267134675780552,0.010740628909114314,-0.023455300898002962,-0.0038926423544007106
-0.009034601592697755,-0.026203482417207047,-0.044331594839418065,-0.020338258868284054
0.012054137882419269,0.009466210886142523,0.008329742926899364,0.010589704190394423
0.0026003575491631015,0.002127290092906131,-0.012961116650049731,0.00010056280959123694
-0.004284093277447165,-0.005285274877615653,-0.00043290043290045155,-0.0040568279108241295
-0.010000465137913417,-0.0030486477069814333,-0.012992637505413573,-0.008016154892212246
0.0019733132869761416,0.004237473242759249,0.013602457218078179,0.004510140861165535
0.010316046140860902,0.032060205324517144,0.08297258297258314,0.028824982379898917
0.02910052910052907,0.02179135932560583,0.01598934043970668,0.02457564138018258
0.021512650520903787,-0.001691279597392903,-0.0013114754098361159,0.009967656089888961
0.04092715231788069,0.027808768232717718,0.04162836506894285,0.03644089980073297
0.013063578911651108,0.005507759105893628,-0.005042864346949005,0.007703075490845973
0.01136696671551185,0.0026788213186199616,-0.006715661429295472,0.00561372160487859
0.033614141121437235,0.06065076959885163,0.018497257303227377,0.04080942851580079
-0.004345475298876633,-0.006804767096507347,0.01991482965931879,-0.00156718168431807
0.04271922767497993,0.051480051480051525,0.011789266854967506,0.04114602188375312
0.0018902862433454182,0.017279861761105852,0.004005340453938633,0.007593895806150552
0.004216241192098957,-0.00782079411140224,0.03614603481624745,0.004792747879495812
-0.009528191560744581,-0.005992081891785794,-0.025784622564461457,-0.010729017827166537
0.009019820377826004,0.03380099752413068,0.07485029940119747,0.027567804232538358
-0.006541338960291632,0.02235257366977894,0.24601671309192197,0.0414552382680651
0.009384232172855222,0.023765065353929637,-0.03442725565590621,0.007845800611917052
-0.008263988522238197,-0.01565246227822914,-0.027597703278384955,-0.013750011550257039
-0.011380514244931805,0.0,0.10619047619047617,0.010238314306105521
-0.009950637035880838,-0.015631843142539514,-0.056736978045630604,-0.01895701032467384
0.01614015726307083,0.024196584414250877,0.006754289886820031,0.01755202665954623
0.003103060393312873,0.03999866336964519,-0.00843155031731646,0.014286329828434785
0.05417423920188691,0.021109790187321176,0.02102953277864139,0.037629976083302076
0.046658352285232185,0.020767778477029486,-0.03053640189845086,0.026017438324808784
0.09539496740730358,0.043988902589395806,0.04849436541658969,0.07036775442242878
-0.021611850524699272,-0.01328727079457881,0.008721698528763921,-0.01414821526113763
0.020977420251467427,0.02815932010653266,0.020436681222707476,0.023409974346426263
-0.006437768240343367,-0.0034344257523721833,-0.012324546388223223,-0.006269615091735431
0.01772992488959102,0.019100467289719703,-0.024436741767764336,0.011884614731032755
0.08262329352887132,0.04129649796526613,0.043702256173387743,0.06232075947828697
-0.06675053760294913,-0.020338516581808186,-0.04757446808510635,-0.04762991981787339
0.03638159132233998,0.07374424092594678,0.12590474488428205,0.06288699171789366
0.012462755418424898,0.014023704246356683,0.06396825396825401,0.020734912290675388
0.02007738157481964,0.00443790799081456,-0.025958526033119544,0.007698179679226987
0.0026067218276342174,0.00539443602455747,0.0029100934293153635,0.0036279275368095274
0.008223419949461741,-0.008150438181864672,-0.03825595601710441,-0.0044793367914874255
0.04479471503491439,0.04752704791344664,0.052878126240571754,0.046963543223249284
-0.008943675642696713,-0.02114840772162796,0.002714727396123884,-0.01146657141449956
0.02305765813663907,0.00688355734204249,-0.0021057381364217864,0.013622213417571138
-0.02393293308351907,-0.0316125651837621,-0.04288190519255408,-0.029463150134959384
-0.025990948704655903,-0.03565907451303707,-0.04771653543307086,-0.03263363074685156
-0.061395937625870256,-0.05931388265469706,-0.0857449975194311,-0.06431957736999376
0.0475416871015204,0.03453760508975234,0.05218413674595279,0.04368662584406644
-0.010782735918068775,-0.03352185372282013,-0.03953928141653762,-0.023054908974502075
-0.08453995533403336,-0.10317302502627623,-0.09226776445319496,-0.0922207010941926
0.09653133431345617,0.11333185518355449,0.09711130829143255,0.10249851271468703
-0.035169141914191404,-0.0065151213405787445,-0.011143062544931803,-0.021536322808038036
-0.025624188745514198,-0.04470217640320728,-0.03689567430025442,-0.033992207258917814
0.003087435547823869,-0.0006295152732396225,0.008680883185506527,0.0026255199061040457
0.04974689081932371,0.036024956506089056,0.028157156220766977,0.04170575361990807
0.04033458355658759,0.039867975332233074,0.06359748885451744,0.04366070647275298
0.0014163495378980429,-0.0011972379997772231,0.026005132591959024,0.004189911357820847
-0.008228924096747026,-0.024670364898391584,-0.05227613806903464,-0.020590510473165763
0.01990752077901492,0.017806104950268686,0.029559250461863362,0.020619784691381003
-0.012711325791279982,-0.013900199376597144,-0.0050414423652054285,-0.011976949032229805
-0.00414860592535371,-0.00113908189998857,-0.02713844039848845,-0.006543747687446122
0.024018502291238697,0.03934314060896349,0.017920197740112886,0.028467380019773503
-0.02224871992705335,-0.03840245775729645,-0.044922383141097866,-0.03130357764974511
-0.060603451986398604,-0.06463943404837968,-0.05212022155634255,-0.06074356114358358
0.007835051546391858,0.0101555352241538,-0.009771050866941189,0.00600630547160858
0.03864338970721959,0.005132385351568347,0.015768598239334297,0.023483319462558862
-0.009936093845749783,-0.0029735980536449436,-0.004761904761904745,-0.006723091955936333
0.015576874898683979,0.009971681629210138,0.021435406698564696,0.014493837024350241
0.0064428127811475555,0.03030574198359437,-0.007120104927862081,0.012760400345652494
0.03251247152455372,0.06939579050982903,0.03255331194565003,0.04542775923256452
-0.034602655942356786,-0.05095024094428513,-0.058210728319473604,-0.043865521549599225
0.02162435813987118,0.011410314924692022,-0.011546671841645595,0.013073788517330959
-0.008707348152343197,-0.01207129963898912,-0.0183567291646215,-0.011332138324511014
-0.04091980289937869,-0.07496859655133048,-0.12450000000000006,-0.06537391024265501
-0.046105733432613594,-0.07008826615641006,-0.10097087378640779,-0.06272939093901149
0.02646204764729765,0.04855464471806448,0.05158175581247604,0.03796241284684279
-0.03514882355625182,-0.01781983920997665,-0.04180258547783,-0.030081743323292234
0.006179261641287459,-0.005800650961941267,0.009960912873534289,0.0025535399149944293
-0.03998120006266648,-0.03231661858610735,-0.022347066167290874,-0.03465347646156444
0.036505760631874384,0.027065049909559713,0.05350529945090021,0.03575144270191812
0.004817759584350156,-0.002706933663818356,-0.03684848484848491,-0.004065819717434083
0.018316854953698725,0.03266947905425299,0.08809463881198076,0.03380694096763502
-0.0006154793045083373,-0.0030084235860409203,0.025329632199861285,0.0024387569226107016
0.029330254041570525,0.016866245275227953,0.019063733784545844,0.023427872934796923
-0.006491661057512532,0.005841194477416156,0.7242638919636926,0.10743817133289327
-0.03254994655304799,-0.025030278562777508,-0.19836939076844062,-0.05479097938876221
0.0036415132510621007,0.005000796305144162,-0.0394810603027147,-0.0023511237130756975
-0.011598157939621379,-0.00782834685598377,-0.0745372686343172,-0.01971959066455259
-0.004957251549141062,0.039163072991534875,-0.040990990990991016,0.005079801123818021
-0.005249964527266671,0.0030432510528419776,-0.027430718647252328,-0.0056744521922264925
0.011664764802840066,-0.014741035856573714,-0.003767024050999712,0.0001079662439692771
-0.05013159543802481,-0.06323680363308348,-0.09142912546053905,-0.06091304780967248
-0.06254123235255316,-0.044859875149422246,0.04577953260057632,-0.040104642588487914
